cid,community,kind,population,vehicles,n_nodes,n_disjoint,capacity_vph,tt_min,efficiency,exposed_share,people_per_capacity,cut_off,n_disjoint_nohaz_vh,capacity_nohaz_vh,cut_off_nohaz_vh,n_disjoint_nohaz_h,capacity_nohaz_h,cut_off_nohaz_h,stranded_vehicles,managed_vph,selfish_strict_vph,selfish_rationed_vph,clear_h_managed,clear_h_selfish_bulk,clear_h_selfish_last,gap_bulk,gap_last,clm_converged,clm_rationed_converged
0613014,Chico,incorporated,103910,77279.61951481538,3616,10,18150.0,436.4723023729735,0.0014296672708882326,0.2396694214876033,5.725068870523416,False,8,13800.0,False,4,6050.0,False,1428.9233185031676,18150.0,5530.078125,5530.078125,4.2578302762983675,13.974417317081823,13.974417317081823,0.6953125,0.6953125,True,True
0654386,Oroville,incorporated,20238,11711.088365588446,850,12,17250.0,282.1208171549384,0.002144572365631541,0.16521739130434782,1.1732173913043478,False,9,14400.0,False,5,6750.0,False,353.7464788732395,17250.0,2830.078125,4713.203989331787,0.6789036733674462,2.4847403999691475,4.138079532906339,0.7267707832271428,0.8359375,True,False
0645120,Magalia,CDP,7795,6875.710140440954,634,6,7200.0,1129.4544152848234,0.0006207721880638189,1.0,1.082638888888889,False,0,0.0,True,0,0.0,True,0.0,4387.5,2296.58203125,2296.58203125,1.5671134223227245,2.993888329213563,2.993888329213563,0.4765625,0.4765625,True,True
0606070,Berry Creek,CDP,1637,849.6594684919181,408,1,1700.0,1158.2597623470156,0.0004971722100114533,1.0,0.9629411764705882,False,0,0.0,True,0,0.0,True,3.1897233201581026,1700.0,942.96875,1324.9999999999995,0.49979968734818714,0.6412524290505045,0.9010473236699712,0.22058823529411786,0.4453125,True,False
0614442,Cohasset,CDP,830,729.7558528428094,115,1,950.0,806.2456527254033,0.0008536632989988703,0.0,0.8736842105263158,False,0,0.0,True,0,0.0,True,0.0,950.0,950.0,950.0000000000001,0.7681640556240099,0.7681640556240098,0.7681640556240099,0.0,0.0,True,True
0678470,Thermalito,CDP,7029,5011.533381051501,309,7,8150.0,344.08696730003004,0.0020397090855716424,0.0,0.8624539877300613,False,7,8150.0,False,5,6750.0,False,0.0,8150.0,2483.203125,3419.247079475581,0.6149120712946627,1.4656833111399874,2.018172951941457,0.5804604810459411,0.6953125,True,False
0631260,Gridley,incorporated,7436,4906.7729822638385,274,10,13500.0,225.1720800438103,0.002785483260478687,0.0,0.5508148148148149,False,9,12550.0,False,8,11600.0,False,0.0,13500.0,1265.625,2944.2298304550077,0.3634646653528769,1.6665726742893354,3.8769564304306874,0.7819089014477772,0.90625,True,False
0655520,Paradise,incorporated,4764,6509.331366075785,1822,6,8900.0,649.5116068790642,0.0010190129228969495,0.4044943820224719,0.5352808988764045,False,0,0.0,True,0,0.0,True,0.0,8900.0,4241.40625,4241.40625,0.7313855467500882,1.534710655475595,1.534710655475595,0.5234375,0.5234375,True,True
0638024,Kelly Ridge,CDP,3006,2531.777477151676,141,5,6250.0,615.7536744011029,0.001440816731377651,0.576,0.48096,False,2,1900.0,False,0,0.0,True,0.0,4687.5,915.52734375,1343.6659518343188,0.5401125284590242,1.8842313252750025,2.765376145710204,0.7133512636086787,0.8046875,True,False
0654388,Oroville East,CDP,8042,6270.631558764395,620,12,16850.0,433.1363081024043,0.0013536463678685566,0.11275964391691394,0.4772700296735905,False,9,14000.0,False,5,8350.0,False,0.0,9478.125,2295.4833984375,2820.696238027862,0.6615898776144432,2.2230793497808947,2.7317259462789916,0.7023993418500113,0.7578125,True,False
0655086,Palermo,CDP,5555,4546.708511955636,388,9,12150.0,249.65456253105248,0.0016223154329166746,0.07818930041152264,0.457201646090535,False,7,11200.0,False,5,5500.0,False,84.89165186500888,9776.953125,1680.413818359375,3419.465974884511,0.46504350116290816,1.3296545558138493,2.705707643129647,0.6502523913978047,0.828125,True,False
0624918,Forest Ranch,CDP,1304,1153.889271089271,160,3,4350.0,711.5440113309999,0.0010768984359172773,1.0,0.29977011494252875,False,0,0.0,True,0,0.0,True,0.0,4350.0,1699.21875,1800.0000000000005,0.2652619013998324,0.6410495950495948,0.679070467583571,0.586206896551724,0.609375,True,False
0606560,Biggs,incorporated,1964,1428.62524244533,98,6,7200.0,281.77455415112996,0.0029749464103877464,0.0,0.2727777777777778,False,6,7200.0,False,6,7200.0,False,0.0,6243.75,2195.068359375,2200.0000000000005,0.2288088476388917,0.6493751102024227,0.6508340555061808,0.6476476476476476,0.6484375,True,True
0673178,South Oroville,CDP,3204,1675.3770689081052,134,10,12900.0,274.73259914042137,0.0022016848735723926,0.0,0.2483720930232558,False,8,12900.0,False,5,7400.0,False,0.0,5341.40625,1418.81103515625,1954.0273451940625,0.3136584244847703,0.8573969412601626,1.1808317157073707,0.634173613887904,0.734375,True,False
0620270,Durham,CDP,5834,4706.603215329346,460,20,29400.0,234.99945209724868,0.0017296403145679986,0.03231292517006803,0.19843537414965987,False,19,28450.0,False,15,17750.0,False,0.0,13321.875,2914.16015625,5065.93903560356,0.35329885735524064,0.9290682699201882,1.6150804907668144,0.619727775887136,0.78125,True,False
0609324,Butte Valley,CDP,945,1058.6058040280072,110,4,5300.0,505.24613947734986,0.0014141754802657089,0.32075471698113206,0.17830188679245282,False,3,3600.0,False,0,0.0,True,0.0,3436.71875,2631.23779296875,2631.23779296875,0.30802805845779707,0.4023223620673268,0.4023223620673268,0.234375,0.234375,True,True
0616035,Concow,CDP,402,244.5625,119,2,2650.0,796.2995783638227,0.0007840498732324796,1.0,0.15169811320754717,False,0,0.0,True,0,0.0,True,0.0,2650.0,1035.15625,1495.5980066445181,0.0922877358490566,0.1635215471760982,0.2362566037735849,0.4356233937190498,0.609375,True,False
0603792,Bangor,CDP,695,506.9788737080815,81,6,5700.0,673.7622009687548,0.0010722774891669421,0.3333333333333333,0.12192982456140351,False,2,1900.0,False,0,0.0,True,0.0,2805.46875,942.462158203125,1425.0,0.18071093242727493,0.35577464821619753,0.5379302174579347,0.4920634920634921,0.6640625,True,False
0609310,Butte Creek Canyon,CDP,780,633.8328692323103,91,4,7000.0,292.3673741274099,0.0012777020404973383,0.5142857142857142,0.11142857142857143,False,1,3400.0,False,0,0.0,True,4.5595854922279795,4101.5625,1345.8251953125,2176.483482634177,0.15453449002235373,0.2912187821729703,0.47096225530622093,0.46935259851966726,0.671875,True,False
0686678,Yankee Hill,CDP,260,150.8246951219512,44,2,2650.0,642.3737223784929,0.0013354890119935787,1.0,0.09811320754716982,False,0,0.0,True,0,0.0,True,0.0,2650.0,1697.65625,1700.0000000000005,0.05691497929130234,0.08872040889526539,0.08884289450349633,0.35849056603773566,0.359375,True,True
0624750,Forbestown,CDP,396,199.88932806324112,45,5,4750.0,1729.003564882927,0.0005202767868150812,1.0,0.08336842105263158,False,0,0.0,True,0,0.0,True,0.0,2894.53125,949.76806640625,1210.9117794226922,0.06905758162508735,0.1650734029183689,0.21046120114312336,0.581655309673132,0.671875,True,False
0674186,Stirling City,CDP,284,291.9279778393352,28,3,3600.0,2354.898254130819,0.0004166686458207093,1.0,0.07888888888888888,False,0,0.0,True,0,0.0,True,0.0,3600.0,928.125,950.0000000000005,0.08109110495537089,0.30729260825193166,0.3145351949784083,0.7361111111111109,0.7421875,True,False
0634428,Honcut,CDP,306,212.76701570680626,17,5,4750.0,430.07390806220224,0.002199617380949103,0.0,0.06442105263157895,False,5,4750.0,False,1,950.0,False,0.0,4082.03125,1307.525634765625,1425.0000000000002,0.05212282872817455,0.14931018646091665,0.1627249287123498,0.6509090909090909,0.6796875,True,False
0614148,Clipper Mills,CDP,160,149.9169960474308,20,2,2650.0,2557.314322153911,0.0003769816859194147,1.0,0.06037735849056604,False,0,0.0,True,0,0.0,True,0.0,1242.1875,941.34521484375,950.0000000000001,0.12068789618912669,0.15780736426045347,0.15925825476503316,0.23522012578616347,0.2421875,True,False
0659115,Rackerby,CDP,210,168.13205913247074,13,4,3800.0,1187.1449832729882,0.000793095914596664,0.5,0.05526315789473684,False,0,0.0,True,0,0.0,True,0.0,2939.0625,941.41845703125,950.0000000000001,0.05720601692970828,0.17698111487628498,0.17859439431713806,0.6767676767676767,0.6796875,True,True
0612818,Cherokee,CDP,88,54.25,5,2,1900.0,410.23053608934697,0.0018156283427036978,1.0,0.04631578947368421,False,0,0.0,True,0,0.0,True,0.0,1395.3125,948.37646484375,1425.0,0.03888017917133259,0.03807017543859649,0.057203022229087026,0.0,0.3203125,True,False
0651574,Nord,CDP,286,256.94871794871796,24,7,8150.0,391.17717323147053,0.0021283202494459335,0.0,0.0350920245398773,False,7,8150.0,False,6,7200.0,False,0.0,3056.25,1098.33984375,1625.2724941743463,0.08407320014681978,0.1580957770895214,0.23394281779984635,0.4682134988386597,0.640625,True,False
0660662,Richvale,CDP,234,201.03649635036498,25,7,8900.0,382.53561640707494,0.0023601841607396503,0.0,0.026292134831460673,False,7,8900.0,False,7,8900.0,False,0.0,7231.25,1694.82421875,1738.464095744681,0.027801071232548314,0.11564029239513852,0.11861790392553946,0.7595900991191452,0.765625,True,True
0609318,Butte Meadows,CDP,74,354.0945454545454,29,3,2850.0,2153.1917904855727,0.0004468893038723828,0.6666666666666666,0.025964912280701753,False,0,0.0,True,0,0.0,True,0.0,1981.640625,944.3756103515625,950.0000000000001,0.17868756876870417,0.3727311004784688,0.37495096397367433,0.5205992509363295,0.5234375,True,True
0662200,Robinson Mill,CDP,89,52.70417193426043,36,4,3800.0,1434.403940894566,0.0006505080145213319,1.0,0.023421052631578947,False,0,0.0,True,0,0.0,True,0.0,2968.75,927.734375,1229.7813122284022,0.017752984230487722,0.042856539947544674,0.05680954953756072,0.5857578737756961,0.6875,True,False
