element,order,fraction,n_removed,S1,S2,E
node,degree,0.0,0,0.9957876624191737,0.00027111657038111654,0.0048612694339505375
node,degree,0.005,8723,0.9892585105096361,0.0002705433852428901,
node,degree,0.01,17446,0.9824232777362856,0.0002699702001046636,0.00458729819058178
node,degree,0.015,26170,0.9756493757727253,0.0002682506446899842,
node,degree,0.02,34893,0.9688749006240267,0.0002671042744135313,0.004200079869577756
node,degree,0.03,52339,0.9548679754011866,0.00026423834872239897,
node,degree,0.04,69785,0.9404913457641905,0.0002607992378930402,0.003387969417736371
node,degree,0.05,87232,0.925671070830207,0.0002585064973401344,
node,degree,0.06,104678,0.9100735568487887,0.00025678694192545496,0.0028401432022047792
node,degree,0.08,139571,0.8745062726515602,0.00025220146081964326,0.0024146503182070496
node,degree,0.1,174464,0.8257247782776589,0.00041555922521418494,0.001751747591944076
node,degree,0.12,209356,0.7442757433208169,0.00440664734268504,
node,degree,0.14,244249,0.2758361768092732,0.22420824503893932,
node,degree,0.16,279142,0.06103218033321545,0.04304219158483971,
node,degree,0.18,314035,0.018030111708051588,0.01002844717841018,
node,degree,0.2,348927,0.005025687291969619,0.004553382738071014,8.400059311601543e-06
node,degree,0.22,383820,0.003531966821751459,0.002423999949559708,
node,degree,0.25,436159,0.002194725894269123,0.0012518363418865931,2.9278396259076756e-06
node,degree,0.28,488498,0.0010804539855568808,0.00044708440781664037,
node,degree,0.3,523391,0.00035365523028572704,0.00028143390286919286,1.7662840089974035e-06
node,degree,0.32,558284,0.0003347401207242538,0.00022526175932299956,
node,degree,0.35,610623,0.00016335776439454168,0.00014902813593888013,
node,degree,0.38,662962,0.00012036887902755703,0.00011062473167770717,
node,degree,0.4,697855,0.00011463702764529241,8.827051128687515e-05,7.388867528425294e-07
node,degree,0.42,732748,6.305036520491082e-05,5.7891698960872666e-05,
node,degree,0.45,785087,3.8403404261172956e-05,3.7830219122946495e-05,
node,degree,0.48,837426,3.152518260245541e-05,3.0378812326002487e-05,
node,degree,0.5,872318,2.7512886634870175e-05,2.636651635841725e-05,2.865927333839265e-07
node,degree,0.55,959550,2.006147983792617e-05,1.8915109561473247e-05,
node,degree,0.6,1046782,1.5475998732114473e-05,1.4902813593888013e-05,8.060420626422933e-08
node,degree,0.65,1134014,1.3756443317435087e-05,9.744147349849855e-06,
node,degree,0.7,1221246,7.451406796944006e-06,6.305036520491082e-06,
node,degree,0.8,1395710,2.86592569113231e-06,2.86592569113231e-06,
node,betweenness,0.0,0,0.9957876624191737,0.00027111657038111654,0.0048612694339505375
node,betweenness,0.005,8723,0.2474967572050805,0.16768359263273677,
node,betweenness,0.01,17446,0.08734711002919232,0.07666351223778929,0.00038384399606757215
node,betweenness,0.015,26170,0.05276341152916051,0.03791619689368046,
node,betweenness,0.02,34893,0.03474017804276763,0.029782699782246964,0.0002071792146131155
node,betweenness,0.03,52339,0.02119524004133811,0.01636787480719485,
node,betweenness,0.04,69785,0.01288118961136328,0.011954922427989317,9.42873139056373e-05
node,betweenness,0.05,87232,0.011780674145968473,0.010873322072155984,
node,betweenness,0.06,104678,0.010415347146713041,0.008608667591023232,5.011897160303248e-05
node,betweenness,0.08,139571,0.006475272506544341,0.0054217582224841045,3.7155950146507695e-05
node,betweenness,0.1,174464,0.0033118637286724973,0.0032780458055171363,2.568282116897197e-05
node,betweenness,0.12,209356,0.0025174291270906213,0.002516282756814168,
node,betweenness,0.14,244249,0.002218226484936408,0.0020863939031443217,
node,betweenness,0.16,279142,0.0020709179044122073,0.0015957474248224702,
node,betweenness,0.18,314035,0.001418060031972267,0.0012495436013336871,
node,betweenness,0.2,348927,0.0010586729503042752,0.0009520605145941534,8.626454655486506e-06
node,betweenness,0.22,383820,0.0009125107400565275,0.000822520673354973,
node,betweenness,0.25,436159,0.0007164814227830775,0.0006167472087316731,5.4709623527867806e-06
node,betweenness,0.28,488498,0.0006167472087316731,0.0005399404002093272,
node,betweenness,0.3,523391,0.0005450990664533653,0.0005152934392655894,3.84643488369046e-06
node,betweenness,0.32,558284,0.0005152934392655894,0.0005003906256717014,
node,betweenness,0.35,610623,0.0004510967037842256,0.0004058150778643351,
node,betweenness,0.38,662962,0.00035537478570040647,0.0003272887139273098,
node,betweenness,0.4,697855,0.00031926412199213936,0.0002911780502190427,1.8147459147008243e-06
node,betweenness,0.42,732748,0.00029920264215421314,0.0002774216069016076,
node,betweenness,0.45,785087,0.00027111657038111654,0.00024245731346979343,
node,betweenness,0.48,837426,0.00027111657038111654,0.00021666398224960264,
node,betweenness,0.5,872318,0.00027111657038111654,0.0001857119847853737,1.0555223695979145e-06
node,betweenness,0.55,959550,0.00027111657038111654,0.00017310191174439151,
node,betweenness,0.6,1046782,0.00027111657038111654,0.00017310191174439151,5.636323756550554e-07
node,betweenness,0.65,1134014,0.00027111657038111654,0.00017310191174439151,
node,betweenness,0.7,1221246,0.00027111657038111654,0.00017310191174439151,
node,betweenness,0.8,1395710,0.00027111657038111654,0.00017138235632971214,
node,random_0,0.0,0,0.9957876624191737,0.00027111657038111654,0.0048612694339505375
node,random_0,0.005,8723,0.9891943137741548,0.00026939701496643716,
node,random_0,0.01,17446,0.9825757449830538,0.0002659579041370784,0.004696136767839249
node,random_0,0.015,26170,0.9759806767826201,0.00026423834872239897,
node,random_0,0.02,34893,0.9692979112560378,0.0002636651635841725,0.004429936883850647
node,random_0,0.03,52339,0.9556870569637123,0.0002562137567872285,
node,random_0,0.04,69785,0.9422945862090509,0.0002516282756814168,0.0040184100623599246
node,random_0,0.05,87232,0.928429810900491,0.00024532323916092575,
node,random_0,0.06,104678,0.9144481058237329,0.00024188412833156696,0.0036894638942119667
node,random_0,0.08,139571,0.8856002710019334,0.00023787183236398174,0.0031573193904752598
node,random_0,0.1,174464,0.8552478251922893,0.00023156679584349066,0.0028987010977739873
node,random_0,0.12,209356,0.822945976727537,0.0001524672467682389,
node,random_0,0.14,244249,0.7885772226543402,0.00014902813593888013,
node,random_0,0.16,279142,0.7497903575356937,0.0007267987552711538,
node,random_0,0.18,314035,0.7048285689229336,0.001620394385766208,
node,random_0,0.2,348927,0.65363683104279,0.0007566043824589299,0.0009655972824050173
node,random_0,0.22,383820,0.572663539750676,0.007291488143378823,
node,random_0,0.25,436159,0.4111697734256467,0.005897501887212068,0.0003131945189391856
node,random_0,0.28,488498,0.06573631076264003,0.058722244226162804,
node,random_0,0.3,523391,0.035469842723729925,0.03380875219314963,1.793475263203819e-05
node,random_0,0.32,558284,0.023906978930287506,0.007724242922739802,
node,random_0,0.35,610623,0.004352194754553526,0.0036804217725521127,
node,random_0,0.38,662962,0.001592881499131338,0.0008018860083788203,
node,random_0,0.4,697855,0.0011257356114767714,0.0005376476596564213,1.7784756396128635e-06
node,random_0,0.42,732748,0.00041555922521418494,0.0003714239695707474,
node,random_0,0.45,785087,0.00019259020644409123,0.00018743154020005307,
node,random_0,0.48,837426,0.00011979569388933056,0.000105466065433669,
node,random_0,0.5,872318,9.744147349849854e-05,9.342917753091331e-05,8.119423112185211e-07
node,random_0,0.55,959550,5.617214354619328e-05,5.3879402993287426e-05,
node,random_0,0.6,1046782,4.642799619634342e-05,3.152518260245541e-05,4.486398845666338e-07
node,random_0,0.65,1134014,2.3500590667284942e-05,2.292740552905848e-05,
node,random_0,0.7,1221246,2.1781035252605556e-05,1.6049183870340935e-05,
node,random_0,0.8,1395710,9.170962211623393e-06,9.170962211623393e-06,
node,random_1,0.0,0,0.9957876624191737,0.00027111657038111654,0.0048612694339505375
node,random_1,0.005,8723,0.9891203728913235,0.0002659579041370784,
node,random_1,0.01,17446,0.982588928241233,0.0002636651635841725,0.0047225680900257316
node,random_1,0.015,26170,0.9760935942548508,0.0002607992378930402,
node,random_1,0.02,34893,0.9693512174738929,0.00025965286761658727,0.004550567240010196
node,random_1,0.03,52339,0.9559742227179637,0.0002585064973401344,
node,random_1,0.04,69785,0.9422951593941892,0.0002562137567872285,0.00425516448666349
node,random_1,0.05,87232,0.9281644261814922,0.0002562137567872285,
node,random_1,0.06,104678,0.9142022093994339,0.00024761597971383157,0.0035333616145159278
node,random_1,0.08,139571,0.8855526966354605,0.0002447500540226993,0.003236783815003061
node,random_1,0.1,174464,0.854477464366513,0.00024016457291688758,0.002742871241568754
node,random_1,0.12,209356,0.8228829263623321,0.00022812768501413188,
node,random_1,0.14,244249,0.787716298576724,0.0003318741950331215,
node,random_1,0.16,279142,0.7503595303779526,0.00028888530966613687,
node,random_1,0.18,314035,0.7067900084659445,0.0013062889300181069,
node,random_1,0.2,348927,0.6564001565941797,0.001063258431410087,0.0010042586437766243
node,random_1,0.22,383820,0.5802399009077533,0.0076027276734357925,
node,random_1,0.25,436159,0.33450855392841033,0.047294078940203606,0.0002677993902334762
node,random_1,0.28,488498,0.11694982967803617,0.06620460302057105,
node,random_1,0.3,523391,0.037549358405215526,0.023008797818686637,2.817567412363871e-05
node,random_1,0.32,558284,0.018533368259414422,0.015165332387195732,
node,random_1,0.35,610623,0.0045573950340386,0.00404210159477301,
node,random_1,0.38,662962,0.001283934709627275,0.0011756027185024736,
node,random_1,0.4,697855,0.0009165230360241128,0.0006127349127640879,2.946114423969484e-06
node,random_1,0.42,732748,0.0005496845475591771,0.00035250886000927416,
node,random_1,0.45,785087,0.0003817413020588237,0.00025277464595786976,
node,random_1,0.48,837426,0.00014157672914193612,0.00013240576693031273,
node,random_1,0.5,872318,9.858784377495146e-05,9.285599239268684e-05,1.3530273598670386e-06
node,random_1,0.55,959550,8.081910448993114e-05,5.502577326974035e-05,
node,random_1,0.6,1046782,3.8403404261172956e-05,3.553747857004065e-05,4.6899706681890465e-07
node,random_1,0.65,1134014,2.7512886634870175e-05,2.579333122019079e-05,
node,random_1,0.7,1221246,2.006147983792617e-05,1.8915109561473247e-05,
node,random_1,0.8,1395710,8.597777073396931e-06,8.597777073396931e-06,
node,random_2,0.0,0,0.9957876624191737,0.00027111657038111654,0.0048612694339505375
node,random_2,0.005,8723,0.9892579373244978,0.0002699702001046636,
node,random_2,0.01,17446,0.9826714669011376,0.0002699702001046636,0.0045753180039581265
node,random_2,0.015,26170,0.9761566446200556,0.00026653108927530484,
node,random_2,0.02,34893,0.9694543907987736,0.0002636651635841725,0.004366398652474434
node,random_2,0.03,52339,0.9560366998980304,0.00025907968247836083,
node,random_2,0.04,69785,0.9423398678349708,0.0002579333122019079,0.004037296550640266
node,random_2,0.05,87232,0.9283438331297571,0.0002539210162343227,
node,random_2,0.06,104678,0.9138749206855065,0.00025277464595786976,0.003676383211430888
node,random_2,0.08,139571,0.8849674746093313,0.0002441768688844728,0.003287435103775494
node,random_2,0.1,174464,0.8545909550238817,0.0002338595363963965,0.0027582013062266565
node,random_2,0.12,209356,0.8225241124658024,0.00023042042556703772,
node,random_2,0.14,244249,0.7875580994785735,0.00026423834872239897,
node,random_2,0.16,279142,0.7507177710893441,0.0002653847189988519,
node,random_2,0.18,314035,0.7068788521623696,0.0018278874058041874,
node,random_2,0.2,348927,0.6555254760732462,0.001630138533116058,0.0011408047656176021
node,random_2,0.22,383820,0.5814705293995255,0.00919560917256713,
node,random_2,0.25,436159,0.3838689652919203,0.014057938700142207,0.0002789557185857483
node,random_2,0.28,488498,0.10270904491879973,0.0745238121167899,
node,random_2,0.3,523391,0.03653654026596937,0.031653002888279914,1.2978137435078878e-05
node,random_2,0.32,558284,0.017369802428814706,0.015336714743525444,
node,random_2,0.35,610623,0.005227448460625334,0.0031169807816755005,
node,random_2,0.38,662962,0.0016077843127252258,0.0011991033091697586,
node,random_2,0.4,697855,0.0009916102891317793,0.0006253449858050701,2.6070190453289822e-06
node,random_2,0.42,732748,0.00037658263581478557,0.0003301546396184421,
node,random_2,0.45,785087,0.00022124946335541434,0.00022067627821718787,
node,random_2,0.48,837426,0.00016565050494744753,0.00014444265483306844,
node,random_2,0.5,872318,0.00011692976819819825,9.744147349849854e-05,1.3842651011337043e-06
node,random_2,0.55,959550,6.190399492845789e-05,5.7318513822646204e-05,
node,random_2,0.6,1046782,3.897658939939942e-05,3.611066370826711e-05,7.585777258863792e-07
node,random_2,0.65,1134014,2.5220146081964327e-05,2.292740552905848e-05,
node,random_2,0.7,1221246,2.0634664976152633e-05,1.8341924423246785e-05,
node,random_2,0.8,1395710,1.2036887902755702e-05,9.170962211623393e-06,
node,random_3,0.0,0,0.9957876624191737,0.00027111657038111654,
node,random_3,0.005,8723,0.9891197997061852,0.00026939701496643716,
node,random_3,0.01,17446,0.9825275974314428,0.0002676774595517578,
node,random_3,0.015,26170,0.97582878272099,0.0002653847189988519,
node,random_3,0.02,34893,0.9692096407447509,0.0002636651635841725,
node,random_3,0.03,52339,0.9556343239309953,0.00026137242303126665,
node,random_3,0.04,69785,0.9418933566122925,0.00025564057164900207,
node,random_3,0.05,87232,0.9279282739045429,0.0002550673865107756,
node,random_3,0.06,104678,0.913941983346679,0.0002510550905431904,
node,random_3,0.08,139571,0.8857722265434013,0.0002413109431933405,
node,random_3,0.1,174464,0.8554037315498869,0.0002321399809817171,
node,random_3,0.12,209356,0.8229734896141719,0.0002218226484936408,
node,random_3,0.14,244249,0.788761788268849,0.0004980978851187955,
node,random_3,0.16,279142,0.7522028937824888,0.00036626530332670924,
node,random_3,0.18,314035,0.7112803408388106,0.0003880463385793148,
node,random_3,0.2,348927,0.6623125612949857,0.0006723461671396399,
node,random_3,0.22,383820,0.5876122081556221,0.005957686326725846,
node,random_3,0.25,436159,0.3943800343567172,0.015790677373000803,
node,random_3,0.28,488498,0.08508474828861247,0.04726083420218647,
node,random_3,0.3,523391,0.02981135903915829,0.02890572652076048,
node,random_3,0.32,558284,0.017652955887098577,0.008214889401061654,
node,random_3,0.35,610623,0.0061588743102433344,0.002429158615803746,
node,random_3,0.38,662962,0.002359803214078344,0.0009537800700088328,
node,random_3,0.4,697855,0.0013062889300181069,0.0006975663132216043,
node,random_3,0.42,732748,0.0009199621468534715,0.0005410867704857802,
node,random_3,0.45,785087,0.00033130100989489506,0.0002504819054049639,
node,random_3,0.48,837426,0.00013011302637740688,0.00012266161958046287,
node,random_3,0.5,872318,0.00010947836140125424,8.483140045751638e-05,
node,random_3,0.55,959550,6.591629089604313e-05,5.502577326974035e-05,
node,random_3,0.6,1046782,4.4135255643437575e-05,3.611066370826711e-05,
node,random_3,0.65,1134014,2.9805627187776026e-05,2.579333122019079e-05,
node,random_3,0.7,1221246,2.006147983792617e-05,1.7195554146793862e-05,
node,random_3,0.8,1395710,9.170962211623393e-06,8.024591935170467e-06,
node,random_4,0.0,0,0.9957876624191737,0.00027111657038111654,
node,random_4,0.005,8723,0.98922813169731,0.0002705433852428901,
node,random_4,0.01,17446,0.9825929405372006,0.0002676774595517578,
node,random_4,0.015,26170,0.9760374221113045,0.0002653847189988519,
node,random_4,0.02,34893,0.9694675740569528,0.0002653847189988519,
node,random_4,0.03,52339,0.9559329533880113,0.0002630919784459461,
node,random_4,0.04,69785,0.9422028765869347,0.0002630919784459461,
node,random_4,0.05,87232,0.9283736387569449,0.00026022605275481377,
node,random_4,0.06,104678,0.9142211245089953,0.00025736012706368145,
node,random_4,0.08,139571,0.8855389401921431,0.00025449420137254914,
node,random_4,0.1,174464,0.8551182853510501,0.0002447500540226993,
node,random_4,0.12,209356,0.822459915730321,0.00024073775805511405,
node,random_4,0.14,244249,0.788209810980737,0.0003507893045945947,
node,random_4,0.16,279142,0.7516790025661498,0.0002275544998759054,
node,random_4,0.18,314035,0.7082315690885841,0.0009319990347562273,
node,random_4,0.2,348927,0.6567841906367915,0.0015057573581209157,
node,random_4,0.22,383820,0.5869903022806463,0.004523577110883238,
node,random_4,0.25,436159,0.38854271690901887,0.008361624796447628,
node,random_4,0.28,488498,0.1361486658829315,0.05508366496870123,
node,random_4,0.3,523391,0.03368265146273981,0.03281656871887963,
node,random_4,0.32,558284,0.02267348451282416,0.015420972958844734,
node,random_4,0.35,610623,0.00259538230588942,0.001978635097157747,
node,random_4,0.38,662962,0.000875826891210034,0.0008741073357953546,
node,random_4,0.4,697855,0.0005565627692178946,0.0004768900350044164,
node,random_4,0.42,732748,0.0003484965640416889,0.0003484965640416889,
node,random_4,0.45,785087,0.00028888530966613687,0.00023787183236398174,
node,random_4,0.48,837426,0.00019660250241167646,0.0001839924293706943,
node,random_4,0.5,872318,0.00014157672914193612,0.00011635658305997179,
node,random_4,0.55,959550,7.10749571400813e-05,6.820903144894898e-05,
node,random_4,0.6,1046782,3.7830219122946495e-05,3.4964293431814185e-05,
node,random_4,0.65,1134014,2.5220146081964327e-05,2.3500590667284942e-05,
node,random_4,0.7,1221246,1.7768739285020324e-05,1.7195554146793862e-05,
node,random_4,0.8,1395710,8.597777073396931e-06,8.024591935170467e-06,
node,random_5,0.0,0,0.9957876624191737,0.00027111657038111654,
node,random_5,0.005,8723,0.9893370368735731,0.0002699702001046636,
node,random_5,0.01,17446,0.982558549428907,0.0002659579041370784,
node,random_5,0.015,26170,0.9759394074526678,0.00026423834872239897,
node,random_5,0.02,34893,0.9692858743681351,0.00026423834872239897,
node,random_5,0.03,52339,0.9556538122256951,0.0002625187933077196,
node,random_5,0.04,69785,0.9420664585240368,0.0002579333122019079,
node,random_5,0.05,87232,0.9280962171500432,0.0002562137567872285,
node,random_5,0.06,104678,0.9142285759157922,0.0002510550905431904,
node,random_5,0.08,139571,0.8858134958733536,0.00023787183236398174,
node,random_5,0.1,174464,0.8553475594063407,0.0002338595363963965,
node,random_5,0.12,209356,0.8234423550572412,0.00025564057164900207,
node,random_5,0.14,244249,0.7886202115397071,0.00034906974917991534,
node,random_5,0.16,279142,0.7482949175100608,0.0012203111592841377,
node,random_5,0.18,314035,0.704548854575479,0.0014879886188358953,
node,random_5,0.2,348927,0.6498079543194373,0.004199154322647061,
node,random_5,0.22,383820,0.5731111973436308,0.009071227997571988,
node,random_5,0.25,436159,0.4164986756557381,0.005264132309471827,
node,random_5,0.28,488498,0.06937890231606919,0.06801128257626085,
node,random_5,0.3,523391,0.03996476057770184,0.037431855451879104,
node,random_5,0.32,558284,0.022066481451442334,0.018450256414371587,
node,random_5,0.35,610623,0.004786669089329184,0.0036236764438676928,
node,random_5,0.38,662962,0.001282788339350822,0.0011435043507617916,
node,random_5,0.4,697855,0.0009761342903996648,0.000875826891210034,
node,random_5,0.42,732748,0.0004946587742894367,0.0004596944808576225,
node,random_5,0.45,785087,0.00030550767867470427,0.00025564057164900207,
node,random_5,0.48,837426,0.00014444265483306844,0.00013928398858903027,
node,random_5,0.5,872318,0.0001026001397425367,9.170962211623392e-05,
node,random_5,0.55,959550,7.680680852234591e-05,5.7318513822646204e-05,
node,random_5,0.6,1046782,4.298888536698465e-05,3.553747857004065e-05,
node,random_5,0.65,1134014,2.4073775805511404e-05,2.2354220390832018e-05,
node,random_5,0.7,1221246,1.7768739285020324e-05,1.66223690085674e-05,
node,random_5,0.8,1395710,9.744147349849855e-06,8.597777073396931e-06,
node,random_6,0.0,0,0.9957876624191737,0.00027111657038111654,
node,random_6,0.005,8723,0.9892006188106752,0.0002699702001046636,
node,random_6,0.01,17446,0.9826279048306323,0.0002676774595517578,
node,random_6,0.015,26170,0.9759760913015143,0.0002659579041370784,
node,random_6,0.02,34893,0.96926810562885,0.0002630919784459461,
node,random_6,0.03,52339,0.9557799129561049,0.00026022605275481377,
node,random_6,0.04,69785,0.9419334795719683,0.0002550673865107756,
node,random_6,0.05,87232,0.9281145590744665,0.00025277464595786976,
node,random_6,0.06,104678,0.9141397322193672,0.0002504819054049639,
node,random_6,0.08,139571,0.8852643845109327,0.00024532323916092575,
node,random_6,0.1,174464,0.8546356634646635,0.000249335535128511,
node,random_6,0.12,209356,0.8226444813448299,0.00048720736749249273,
node,random_6,0.14,244249,0.7884665979226624,0.0006196131344228054,
node,random_6,0.16,279142,0.7510955000954354,0.0004568285551664902,
node,random_6,0.18,314035,0.7086144567609193,0.0007313842363769655,
node,random_6,0.2,348927,0.6533336161046682,0.0030739918963085156,
node,random_6,0.22,383820,0.5677650995593926,0.011805894292050438,
node,random_6,0.25,436159,0.19522399215424183,0.16168922245716444,
node,random_6,0.28,488498,0.09472629549871979,0.07347144420300612,
node,random_6,0.3,523391,0.05790201629336074,0.03572147099941134,
node,random_6,0.32,558284,0.02038360988560944,0.014210979132048673,
node,random_6,0.35,610623,0.0025191486825053007,0.002481318463382354,
node,random_6,0.38,662962,0.001258141378407084,0.0010019276216198555,
node,random_6,0.4,697855,0.0007285183106858332,0.0006161740235934467,
node,random_6,0.42,732748,0.0004574017403047167,0.00039893685620561754,
node,random_6,0.45,785087,0.00027398249607224885,0.00023500590667284942,
node,random_6,0.48,837426,0.00015877228328873,0.0001553331724593712,
node,random_6,0.5,872318,0.00014960132107710657,0.00011349065736883948,
node,random_6,0.55,959550,6.419673548136374e-05,5.445258813151389e-05,
node,random_6,0.6,1046782,3.209836774068187e-05,3.152518260245541e-05,
node,random_6,0.65,1134014,2.6939701496643713e-05,2.1781035252605556e-05,
node,random_6,0.7,1221246,1.948829469969971e-05,1.8341924423246785e-05,
node,random_6,0.8,1395710,1.0317332488076316e-05,9.170962211623393e-06,
node,random_7,0.0,0,0.9957876624191737,0.00027111657038111654,
node,random_7,0.005,8723,0.9892447540663186,0.0002699702001046636,
node,random_7,0.01,17446,0.9825791840938831,0.00026939701496643716,
node,random_7,0.015,26170,0.9759898477448318,0.00026882382982821066,
node,random_7,0.02,34893,0.969278422961338,0.00026653108927530484,
node,random_7,0.03,52339,0.9559535880529876,0.0002630919784459461,
node,random_7,0.04,69785,0.9423094890226448,0.00025678694192545496,
node,random_7,0.05,87232,0.928606925108203,0.0002533478310960962,
node,random_7,0.06,104678,0.9145409618161257,0.00024818916485205806,
node,random_7,0.08,139571,0.8857481527675958,0.00024360368374624637,
node,random_7,0.1,174464,0.8555900167198105,0.0002384450175022082,
node,random_7,0.12,209356,0.8231809826342099,0.0002309936107052642,
node,random_7,0.14,244249,0.7868719968681164,0.001189932346958135,
node,random_7,0.16,279142,0.7498075530898405,0.0010202695460431023,
node,random_7,0.18,314035,0.7077672891266206,0.0005898075072350294,
node,random_7,0.2,348927,0.6575407950192504,0.0027782283649836616,
node,random_7,0.22,383820,0.5720777445394085,0.005765096120281755,
node,random_7,0.25,436159,0.4086139408942949,0.005290498825830245,
node,random_7,0.28,488498,0.0733625390267431,0.07041407467570618,
node,random_7,0.3,523391,0.047498706034550454,0.04375523389679343,
node,random_7,0.32,558284,0.012734454215977306,0.010935226067084441,
node,random_7,0.35,610623,0.0035720897814273114,0.003554894227280517,
node,random_7,0.38,662962,0.001192225087511041,0.0010116717689697054,
node,random_7,0.4,697855,0.0004814755161102281,0.00046829225793101946,
node,random_7,0.42,732748,0.0003788753763676914,0.00033703286127715964,
node,random_7,0.45,785087,0.00028315345828387224,0.00021838353766428202,
node,random_7,0.48,837426,0.00015819909815050352,0.00014157672914193612,
node,random_7,0.5,872318,0.0001312593966538598,0.0001071856208483484,
node,random_7,0.55,959550,6.018443951377851e-05,5.3879402993287426e-05,
node,random_7,0.6,1046782,3.4964293431814185e-05,3.267155287890833e-05,
node,random_7,0.65,1134014,3.209836774068187e-05,2.5220146081964327e-05,
node,random_7,0.7,1221246,2.1207850114379095e-05,1.8915109561473247e-05,
node,random_7,0.8,1395710,9.744147349849855e-06,9.744147349849855e-06,
node,random_8,0.0,0,0.9957876624191737,0.00027111657038111654,
node,random_8,0.005,8723,0.9891891551079107,0.0002699702001046636,
node,random_8,0.01,17446,0.9825860623155419,0.0002653847189988519,
node,random_8,0.015,26170,0.9759181996025534,0.0002630919784459461,
node,random_8,0.02,34893,0.9691551881566194,0.00026194560816949315,
node,random_8,0.03,52339,0.9559885523464193,0.00025678694192545496,
node,random_8,0.04,69785,0.9420463970441989,0.00024990872026673744,
node,random_8,0.05,87232,0.9279775678264304,0.00024532323916092575,
node,random_8,0.06,104678,0.9136708667762978,0.0002430304986080199,
node,random_8,0.08,139571,0.8851457351873198,0.00023959138777866111,
node,random_8,0.1,174464,0.8547697887870084,0.00023328635125817004,
node,random_8,0.12,209356,0.8222879601888531,0.00017424828202084445,
node,random_8,0.14,244249,0.7878538630098983,0.0001977488726881294,
node,random_8,0.16,279142,0.7498557006414515,0.0003983636710673911,
node,random_8,0.18,314035,0.7071419441408155,0.0003679848587413886,
node,random_8,0.2,348927,0.654044365676069,0.0006883953510099809,
node,random_8,0.22,383820,0.5672033781239306,0.00711380075052862,
node,random_8,0.25,436159,0.18677925551275137,0.18554174879932042,
node,random_8,0.28,488498,0.11503481813122157,0.05842189521373214,
node,random_8,0.3,523391,0.03269963895068143,0.029780980226832288,
node,random_8,0.32,558284,0.0213465609178299,0.015414667922324243,
node,random_8,0.35,610623,0.006103848536973594,0.002618882896556705,
node,random_8,0.38,662962,0.0015326970596175593,0.001214579307901873,
node,random_8,0.4,697855,0.0006918344618393397,0.0006115885424876349,
node,random_8,0.42,732748,0.0004809023309720016,0.00043275477936097884,
node,random_8,0.45,785087,0.00026882382982821066,0.0002355790918110759,
node,random_8,0.48,837426,0.00017998013340310908,0.0001645041346709946,
node,random_8,0.5,872318,0.00012724710068627457,0.00012036887902755703,
node,random_8,0.55,959550,9.0563251839781e-05,6.706266117249605e-05,
node,random_8,0.6,1046782,3.725703398472003e-05,3.611066370826711e-05,
node,random_8,0.65,1134014,2.4073775805511404e-05,2.292740552905848e-05,
node,random_8,0.7,1221246,1.7768739285020324e-05,1.66223690085674e-05,
node,random_8,0.8,1395710,8.597777073396931e-06,8.597777073396931e-06,
node,random_9,0.0,0,0.9957876624191737,0.00027111657038111654,
node,random_9,0.005,8723,0.9893399027992643,0.0002705433852428901,
node,random_9,0.01,17446,0.9826640154943407,0.0002699702001046636,
node,random_9,0.015,26170,0.9760271047788165,0.0002699702001046636,
node,random_9,0.02,34893,0.9693088017736641,0.00026882382982821066,
node,random_9,0.03,52339,0.9558125845089838,0.0002630919784459461,
node,random_9,0.04,69785,0.9422429995466105,0.0002585064973401344,
node,random_9,0.05,87232,0.928338674463513,0.0002562137567872285,
node,random_9,0.06,104678,0.9142067948805396,0.0002516282756814168,
node,random_9,0.08,139571,0.8851669430374342,0.00024360368374624637,
node,random_9,0.1,174464,0.8551274563132617,0.0002321399809817171,
node,random_9,0.12,209356,0.823575907194448,0.00013183258179208626,
node,random_9,0.14,244249,0.789675445379182,0.0001220884344422364,
node,random_9,0.16,279142,0.7508971780376089,0.0004006564116202969,
node,random_9,0.18,314035,0.7071465296219214,0.0005600018800472534,
node,random_9,0.2,348927,0.6436937884499756,0.0049477341131708204,
node,random_9,0.22,383820,0.5763680352990336,0.004334426015268506,
node,random_9,0.25,436159,0.3471495789668567,0.011554839201507247,
node,random_9,0.28,488498,0.08216265045393396,0.06236196985390084,
node,random_9,0.3,523391,0.045784309286115106,0.023798073754024478,
node,random_9,0.32,558284,0.028236819464450197,0.016924437576412744,
node,random_9,0.35,610623,0.0031381886317898796,0.002739824960722488,
node,random_9,0.38,662962,0.001254129082439499,0.0008976079264626395,
node,random_9,0.4,697855,0.0005989784694466528,0.0004786095904190958,
node,random_9,0.42,732748,0.0004132664846612791,0.00040638826300256156,
node,random_9,0.45,785087,0.00022870087015235835,0.00020634664976152631,
node,random_9,0.48,837426,0.00014845495080065366,0.00012323480471868934,
node,random_9,0.5,872318,0.0001341253223449921,0.000105466065433669,
node,random_9,0.55,959550,5.961125437555205e-05,5.7318513822646204e-05,
node,random_9,0.6,1046782,5.158666244038158e-05,4.1269329952305266e-05,
node,random_9,0.65,1134014,2.9232442049549564e-05,2.579333122019079e-05,
node,random_9,0.7,1221246,2.1207850114379095e-05,1.8915109561473247e-05,
node,random_9,0.8,1395710,9.744147349849855e-06,8.597777073396931e-06,
edge,random_0,0.0,0,0.9957876624191737,0.00027111657038111654,
edge,random_0,0.005,12670,0.9942280256580596,0.00027111657038111654,
edge,random_0,0.01,25340,0.9926603643050101,0.00027111657038111654,
edge,random_0,0.015,38010,0.991154033761751,0.0002699702001046636,
edge,random_0,0.02,50679,0.9894768940473004,0.0002699702001046636,
edge,random_0,0.03,76019,0.9863209366762254,0.0002699702001046636,
edge,random_0,0.04,101359,0.982735663636619,0.00026939701496643716,
edge,random_0,0.05,126698,0.9789469098729421,0.0002682506446899842,
edge,random_0,0.06,152038,0.9750223112315055,0.00026653108927530484,
edge,random_0,0.08,202718,0.965878861906517,0.0002653847189988519,
edge,random_0,0.1,253397,0.9562825963223295,0.00016679687522390044,
edge,random_0,0.12,304076,0.944747245415522,0.00016163820897986228,
edge,random_0,0.14,354756,0.9317032712249024,0.00015418680218291827,
edge,random_0,0.16,405435,0.9174395590601369,0.00014960132107710657,
edge,random_0,0.18,456114,0.9007214681334856,0.00014730858052420073,
edge,random_0,0.2,506794,0.8799761784256553,0.0007955809718583292,
edge,random_0,0.22,557473,0.8535575022196594,0.0007720803811910443,
edge,random_0,0.25,633492,0.798248002306497,0.0023529249924196267,
edge,random_0,0.28,709511,0.707180920730215,0.007489810201205179,
edge,random_0,0.3,760191,0.6339135304364174,0.006439735027974301,
edge,random_0,0.32,810870,0.46823551260233504,0.016604600269282378,
edge,random_0,0.35,886889,0.11122600288770673,0.10444292996193477,
edge,random_0,0.38,962908,0.04294761603703234,0.042184706618052924,
edge,random_0,0.4,1013588,0.021820585027143184,0.015000828252524738,
edge,random_0,0.42,1064267,0.01143275076706501,0.004218069432208534,
edge,random_0,0.45,1140286,0.0024113898765187256,0.0019419512483112532,
edge,random_0,0.48,1216305,0.0007428479391414948,0.0007365429026210037,
edge,random_0,0.5,1266984,0.000595539358617294,0.0005301962528594773,
edge,random_0,0.55,1393683,0.00015647954273582414,0.00014902813593888013,
edge,random_0,0.6,1520381,8.311184504283699e-05,7.451406796944007e-05,
edge,random_0,0.65,1647080,5.101347730215512e-05,4.356207050521111e-05,
edge,random_0,0.7,1773778,3.611066370826711e-05,3.0951997464228946e-05,
edge,random_0,0.8,2027175,1.6049183870340935e-05,1.3756443317435087e-05,
