unit,kind,vehicles,n_disjoint,clear_h_managed,clear_h_vh_free,clear_h_h_free,meets_L1,meets_L2,meets_L3,meets_L4,meets_L5,ladder_rung,I1_selfish_last_h,I2_contraflow_h,I2_contraflow_km,I3_widen_h,I3_lane_km,I3_steps,I4_n_disjoint_without,I4_n_disjoint_with,I4_vh_free_h_without,I4_vh_free_h_with,I4_fire_road_km_used
Biggs,community,1428.62524244533,6,0.2288088476388917,0.2288088476388917,0.2288088476388917,True,True,True,True,True,5,0.6508340555061808,0.13228011504123427,16.0382811137789,0.2288088476388917,0.0,,6,6,0.2288088476388917,0.2288088476388917,50.03270904567014
Gridley,community,4906.7729822638385,10,0.3634646653528769,0.394266755637019,0.4268208914235619,True,True,True,True,True,5,3.876956430430688,0.30607550766558056,29.738638804055768,0.3634646653528769,0.0,,10,11,0.394266755637019,0.33956906451652863,87.51164124744456
Chico,community,77279.61951481538,10,4.2578302762983675,5.618580158414341,inf,True,False,False,False,False,1,13.974417317081825,3.682447806528318,52.62651530162998,3.4936043292704557,112.35231746086261,Midway (+37.7 lane-km -> 3.95 h); Dayton Road (+15.7 lane-km -> 3.78 h); Hamilton Nord Cana Highway (+22.8 lane-km -> 3.63 h); Seven Mile Road (+20.4 lane-km -> 3.56 h); Dayton Road (+15.7 lane-km -> 3.49 h),10,14,5.618580158414341,4.810714569543998,426.0421402682502
Oroville,community,11711.088365588446,12,0.6789036733674462,0.8198082093493689,inf,True,True,True,True,False,4,4.138079532906339,0.5871599337231966,34.10276327643828,0.6789036733674462,0.0,,12,13,0.8198082093493689,0.8155043444742383,149.6280320835436
Paradise,community,6509.331366075785,6,0.7313855467500882,inf,inf,True,True,True,False,False,3,1.534710655475595,0.668695357028652,33.8663120959373,0.7313855467500882,0.0,,6,7,inf,inf,0.0
Bangor,community,506.9788737080815,6,0.18071093242727493,0.2710663986409124,inf,True,True,True,True,False,4,0.5379302174579347,0.1211147738608332,3.8930770958976213,0.18071093242727493,0.0,,6,6,0.2710663986409124,0.2710663986409124,30.855289285579836
Berry Creek,community,849.6678902036545,1,0.49980464129626734,inf,inf,False,True,True,False,False,0,0.9010473236699712,0.49980464129626734,0.0,0.49980464129626734,0.0,,1,3,inf,inf,0.0
Butte Creek Canyon,community,637.7473013338745,4,0.15548886584902083,inf,inf,True,True,True,False,False,3,0.4709622553062209,0.1325189197576882,10.945393427051282,0.15548886584902083,0.0,,4,5,inf,inf,0.0
Butte Meadows,community,364.2493765586035,3,0.18381202522965207,inf,inf,True,True,True,False,False,3,0.3749509639736743,0.12780679879249246,1.9203829672654726,0.18381202522965207,0.0,,3,3,inf,inf,0.0
Butte Valley,community,1058.6058040280072,4,0.30802805845779707,0.3550879007221827,inf,True,True,True,True,False,4,0.4023223620673268,0.266315925541637,1.7663288007393572,0.30802805845779707,0.0,,4,4,0.3550879007221827,0.3550879007221827,7.3745097311844425
Cherokee,community,54.25,2,0.03888017917133259,inf,inf,True,True,True,False,False,3,0.057203022229087,0.019440089585666294,2.6476997136342497,0.03888017917133259,0.0,,2,2,inf,inf,0.0
Clipper Mills,community,150.21386138613863,2,0.12092688212217449,inf,inf,True,True,True,False,False,3,0.1592582547650331,0.060463441061087246,0.3949675377942309,0.12092688212217449,0.0,,2,5,inf,inf,0.0
Cohasset,community,729.7558528428094,1,0.7681640556240099,inf,inf,False,True,True,False,False,0,0.7681640556240099,0.7681640556240099,0.0,0.7681640556240099,0.0,,1,3,inf,inf,0.0
Concow,community,244.5625,2,0.0922877358490566,inf,inf,True,True,True,False,False,3,0.2362566037735849,0.04881334788710432,23.96977012611562,0.0922877358490566,0.0,,2,4,inf,inf,0.0
Durham,community,4706.603215329346,20,0.35329885735524064,0.35329885735524064,0.5254188135026655,True,True,True,True,True,5,1.6150804907668144,0.28460185731394383,21.505914150687893,0.35329885735524064,0.0,,20,21,0.356223516770433,0.2844137529799624,325.28599612618535
Forbestown,community,200.28514851485147,5,0.06919432931147365,inf,inf,True,True,True,False,False,3,0.2104612011431233,0.03748026171038156,5.806144590521568,0.06919432931147365,0.0,,5,5,inf,inf,0.0
Forest Ranch,community,1175.447013097886,3,0.27021770416043356,inf,inf,True,True,True,False,False,3,0.679070467583571,0.27021770416043356,0.0,0.27021770416043356,0.0,,3,5,inf,inf,0.0
Honcut,community,212.76701570680626,5,0.05212282872817455,0.05212282872817455,0.229340446403968,True,True,True,True,True,5,0.1627249287123498,0.027302434095710478,18.925425522415324,0.05212282872817455,0.0,,5,5,0.046237993226606454,0.046237993226606454,11.93089483805275
Kelly Ridge,community,2531.777477151676,5,0.5401125284590242,1.3644948087385875,inf,True,True,True,False,False,3,2.765376145710204,0.43209002276721936,4.190625826585494,0.5401125284590242,0.0,,5,6,1.3644948087385875,1.3587736565006898,8.86137237551278
Magalia,community,6875.710140440954,6,1.5671134223227245,inf,inf,True,True,False,False,False,2,2.993888329213563,1.1112258812833866,6.773145023825707,0.9475569530323451,165.1682943414816,Skyway (+79.2 lane-km -> 1.10 h); Deer Creek Highway (+85.9 lane-km -> 0.95 h),6,8,inf,inf,0.0
Nord,community,292.1574344023324,7,0.09559343456927032,0.09559343456927032,0.09559343456927032,True,True,True,True,True,5,0.2339428177998463,0.053354475108429944,2.0697570015024924,0.09559343456927032,0.0,,7,7,0.09559343456927032,0.09559343456927032,9.505047164110858
Oroville East,community,6270.631558764395,12,0.6615898776144432,inf,inf,True,True,True,False,False,3,2.731725946278992,0.49619240821083244,0.27546634235329787,0.6615898776144432,0.0,,12,17,inf,inf,0.0
Palermo,community,4546.708511955636,9,0.46504350116290816,0.5095689427636121,inf,True,True,True,True,False,4,2.705707643129647,0.34709768565057636,20.45260840675138,0.46504350116290816,0.0,,9,11,0.5091677073756092,0.45357235564673165,93.02077526095809
Rackerby,community,168.13205913247074,4,0.05720601692970828,inf,inf,True,True,True,False,False,3,0.178594394317138,0.055523487020010975,2.8435775427459564,0.05720601692970828,0.0,,4,4,inf,inf,0.0
Richvale,community,201.03649635036498,7,0.027801071232548314,0.027801071232548314,0.027801071232548314,True,True,True,True,True,5,0.1186179039255394,0.020078551445729335,16.809673171051518,0.027801071232548314,0.0,,7,7,0.027801071232548314,0.027801071232548314,75.02289588055146
Robinson Mill,community,52.70417193426043,4,0.017752984230487722,inf,inf,True,True,True,False,False,3,0.0568095495375607,0.013869518930068533,1.0267898973011158,0.017752984230487722,0.0,,4,6,inf,inf,0.0
South Oroville,community,1675.3770689081052,10,0.3136584244847703,0.3136584244847703,0.3136584244847703,True,True,True,True,True,5,1.1808317157073709,0.2374842356813261,1.3952695301795088,0.3136584244847703,0.0,,10,13,0.3136584244847703,0.31599243324281656,23.859463895071436
Stirling City,community,291.9279778393352,3,0.08109110495537089,inf,inf,True,True,True,False,False,3,0.3145351949784083,0.0720809821825519,28.81928560007958,0.08109110495537089,0.0,,3,4,inf,inf,0.0
Thermalito,community,5011.533381051501,7,0.6149120712946627,0.6149120712946627,0.7425353313746871,True,True,True,True,True,5,2.018172951941457,0.40157523023324915,16.95120415349177,0.6149120712946627,0.0,,7,7,0.6149120712946627,0.6149120712946627,16.704364465382064
Yankee Hill,community,150.8246951219512,2,0.05691497929130234,inf,inf,True,True,True,False,False,3,0.0888428945034963,0.0322350325189677,19.112647453528794,0.05691497929130234,0.0,,2,3,inf,inf,0.0
CAMP 2018 group,fire_group,32198.0,6,3.4722136568515944,inf,inf,True,False,False,False,False,1,9.259236418270918,2.9252210944708636,33.89456908797978,2.2596946020780218,173.8478642753133,Neal Road (+29.0 lane-km -> 3.16 h); Neal Road (+29.0 lane-km -> 2.91 h); Neal Road (+29.0 lane-km -> 2.64 h); Pentz Road (+35.3 lane-km -> 2.45 h); Clark Road (+51.6 lane-km -> 2.26 h),6,9,inf,inf,0.0
